48720;-0.020982725584114105;7.29;15.0;-0.8471106006077714;Move Operation --> modify to New Component --> New-Component_qewvniofts deployed to a New Node -->New-Node_msibwmupto,Cloning --> container-seat with -->  container-seat_coohgdyxns,Moving --> Seat to -->  New-Node_pxeziyjxno,Move Operation --> findAll to New Component --> New-Component_sxelzsteep deployed to a New Node -->New-Node_pzcrouismj 
48779;-0.020982725584114105;7.29;15.0;-0.8471106006077714;Move Operation --> modify to New Component --> New-Component_hnsurdpyse deployed to a New Node -->New-Node_ahpnxzivip,Cloning --> container-seat with -->  container-seat_coohgdyxns,Moving --> Seat to -->  New-Node_pxeziyjxno,Move Operation --> findAll to New Component --> New-Component_sxelzsteep deployed to a New Node -->New-Node_pzcrouismj 
48894;-0.020982725584114105;7.29;15.0;-0.8471106006077714;Move Operation --> modify to New Component --> New-Component_hnsurdpyse deployed to a New Node -->New-Node_ahpnxzivip,Cloning --> container-seat with -->  container-seat_coohgdyxns,Moving --> Seat to -->  New-Node_pxeziyjxno,Move Operation --> findAll to New Component --> New-Component_sxelzsteep deployed to a New Node -->New-Node_pzcrouismj 
48903;-0.030669689262818448;6.72;14.0;-0.7886953206077715;Move Operation --> findAll to Component -->  Travel-plan,Cloning --> container-seat with -->  container-seat_coohgdyxns,Moving --> Seat to -->  New-Node_pxeziyjxno,Move Operation --> findAll to New Component --> New-Component_sxelzsteep deployed to a New Node -->New-Node_pzcrouismj 
49130;-0.030669689262818448;6.72;14.0;-0.7886953206077715;Move Operation --> findAll to Component -->  Travel-plan,Cloning --> container-seat with -->  container-seat_coohgdyxns,Moving --> Seat to -->  New-Node_pxeziyjxno,Move Operation --> findAll to New Component --> New-Component_sxelzsteep deployed to a New Node -->New-Node_pzcrouismj 
49131;-0.020982725584114105;7.29;15.0;-0.8471106006077714;Move Operation --> modify to New Component --> New-Component_hnsurdpyse deployed to a New Node -->New-Node_ahpnxzivip,Cloning --> container-seat with -->  container-seat_coohgdyxns,Moving --> Seat to -->  New-Node_pxeziyjxno,Move Operation --> findAll to New Component --> New-Component_sxelzsteep deployed to a New Node -->New-Node_pzcrouismj 
49514;-0.057022594526974564;7.29;15.0;-0.7856969869064596;Move Operation --> generate to New Component --> New-Component_rtxpowaaye deployed to a New Node -->New-Node_fvayfxarfh,Cloning --> container-seat with -->  container-seat_coohgdyxns,Moving --> Seat to -->  New-Node_pxeziyjxno,Move Operation --> findAll to New Component --> New-Component_sxelzsteep deployed to a New Node -->New-Node_pzcrouismj 
49515;-0.020982725584114105;7.29;15.0;-0.8471106006077714;Move Operation --> modify to New Component --> New-Component_qewvniofts deployed to a New Node -->New-Node_msibwmupto,Cloning --> container-seat with -->  container-seat_coohgdyxns,Moving --> Seat to -->  New-Node_pxeziyjxno,Move Operation --> findAll to New Component --> New-Component_sxelzsteep deployed to a New Node -->New-Node_pzcrouismj 
49518;-0.020982725584114105;7.29;15.0;-0.8471106006077714;Move Operation --> modify to New Component --> New-Component_hnsurdpyse deployed to a New Node -->New-Node_ahpnxzivip,Cloning --> container-seat with -->  container-seat_coohgdyxns,Moving --> Seat to -->  New-Node_pxeziyjxno,Move Operation --> findAll to New Component --> New-Component_sxelzsteep deployed to a New Node -->New-Node_pzcrouismj 
49520;-0.030669689262818448;6.72;14.0;-0.7886953206077715;Move Operation --> findAll to Component -->  Travel-plan,Cloning --> container-seat with -->  container-seat_coohgdyxns,Moving --> Seat to -->  New-Node_pxeziyjxno,Move Operation --> findAll to New Component --> New-Component_sxelzsteep deployed to a New Node -->New-Node_pzcrouismj 
49522;-0.020982725584114105;7.29;15.0;-0.8471106006077714;Move Operation --> modify to New Component --> New-Component_qewvniofts deployed to a New Node -->New-Node_msibwmupto,Cloning --> container-seat with -->  container-seat_coohgdyxns,Moving --> Seat to -->  New-Node_pxeziyjxno,Move Operation --> findAll to New Component --> New-Component_sxelzsteep deployed to a New Node -->New-Node_pzcrouismj 
49526;-0.020982725584114105;7.29;15.0;-0.8471106006077714;Move Operation --> modify to New Component --> New-Component_qewvniofts deployed to a New Node -->New-Node_msibwmupto,Cloning --> container-seat with -->  container-seat_coohgdyxns,Moving --> Seat to -->  New-Node_pxeziyjxno,Move Operation --> findAll to New Component --> New-Component_sxelzsteep deployed to a New Node -->New-Node_pzcrouismj 
49529;-0.020982725584114105;7.29;15.0;-0.8471106006077714;Move Operation --> modify to New Component --> New-Component_hnsurdpyse deployed to a New Node -->New-Node_ahpnxzivip,Cloning --> container-seat with -->  container-seat_coohgdyxns,Moving --> Seat to -->  New-Node_pxeziyjxno,Move Operation --> findAll to New Component --> New-Component_sxelzsteep deployed to a New Node -->New-Node_pzcrouismj 
49532;-0.030669689262818448;6.72;14.0;-0.7886953206077715;Move Operation --> findAll to Component -->  Travel-plan,Cloning --> container-seat with -->  container-seat_coohgdyxns,Moving --> Seat to -->  New-Node_pxeziyjxno,Move Operation --> findAll to New Component --> New-Component_sxelzsteep deployed to a New Node -->New-Node_pzcrouismj 
49534;-0.06660081365072755;7.29;16.0;-0.6580154205627285;Move Operation --> rebook to New Component --> New-Component_jxgmkvirnl deployed to a New Node -->New-Node_avanyschyo,Cloning --> container-seat with -->  container-seat_coohgdyxns,Moving --> Seat to -->  New-Node_pxeziyjxno,Move Operation --> findAll to New Component --> New-Component_sxelzsteep deployed to a New Node -->New-Node_pzcrouismj 
49538;-0.020982725584114105;7.29;15.0;-0.8471106006077714;Move Operation --> modify to New Component --> New-Component_hnsurdpyse deployed to a New Node -->New-Node_ahpnxzivip,Cloning --> container-seat with -->  container-seat_coohgdyxns,Moving --> Seat to -->  New-Node_pxeziyjxno,Move Operation --> findAll to New Component --> New-Component_sxelzsteep deployed to a New Node -->New-Node_pzcrouismj 
