6818;-0.11615524906548104;5.4;-0.6550170868614167;Moving --> New-Component_netniivguc to -->  New-Node_ckvyyadnaf,Move Operation --> modify to New Component --> New-Component_mcpcsphhnc deployed to a New Node -->New-Node_muexddxbbz,Move Operation --> rebook to New Component --> New-Component_afpfpmleem deployed to a New Node -->New-Node_orceavhwbh,Move Operation --> generate to New Component --> New-Component_hxccdkvmfw deployed to a New Node -->New-Node_vbeyskffvu 
6844;-0.11615524906548104;5.4;-0.6550170868614167;Moving --> New-Component_netniivguc to -->  New-Node_ckvyyadnaf,Move Operation --> modify to New Component --> New-Component_mcpcsphhnc deployed to a New Node -->New-Node_muexddxbbz,Move Operation --> rebook to New Component --> New-Component_afpfpmleem deployed to a New Node -->New-Node_orceavhwbh,Move Operation --> generate to New Component --> New-Component_hxccdkvmfw deployed to a New Node -->New-Node_vbeyskffvu 
6867;-0.11615524906548104;5.4;-0.6550170868614167;Moving --> New-Component_netniivguc to -->  New-Node_ckvyyadnaf,Move Operation --> modify to New Component --> New-Component_mcpcsphhnc deployed to a New Node -->New-Node_muexddxbbz,Move Operation --> rebook to New Component --> New-Component_afpfpmleem deployed to a New Node -->New-Node_orceavhwbh,Move Operation --> generate to New Component --> New-Component_hxccdkvmfw deployed to a New Node -->New-Node_vbeyskffvu 
7100;-0.11615524906548104;5.4;-0.6550170868614167;Moving --> New-Component_netniivguc to -->  New-Node_ckvyyadnaf,Move Operation --> modify to New Component --> New-Component_mcpcsphhnc deployed to a New Node -->New-Node_muexddxbbz,Move Operation --> rebook to New Component --> New-Component_afpfpmleem deployed to a New Node -->New-Node_orceavhwbh,Move Operation --> generate to New Component --> New-Component_hxccdkvmfw deployed to a New Node -->New-Node_vbeyskffvu 
7101;-0.11615524906548104;5.4;-0.6550170868614167;Moving --> New-Component_netniivguc to -->  New-Node_ckvyyadnaf,Move Operation --> modify to New Component --> New-Component_mcpcsphhnc deployed to a New Node -->New-Node_muexddxbbz,Move Operation --> rebook to New Component --> New-Component_afpfpmleem deployed to a New Node -->New-Node_orceavhwbh,Move Operation --> generate to New Component --> New-Component_hxccdkvmfw deployed to a New Node -->New-Node_vbeyskffvu 
7104;-0.11615524906548104;7.2;-0.7563930868614167;Move Operation --> getByID to New Component --> New-Component_qyrzgjwbhf deployed to a New Node -->New-Node_cqujocshmw,Move Operation --> modify to New Component --> New-Component_mcpcsphhnc deployed to a New Node -->New-Node_muexddxbbz,Move Operation --> rebook to New Component --> New-Component_afpfpmleem deployed to a New Node -->New-Node_orceavhwbh,Move Operation --> generate to New Component --> New-Component_hxccdkvmfw deployed to a New Node -->New-Node_vbeyskffvu 
7110;-0.11615524906548104;5.4;-0.6550170868614167;Moving --> New-Component_netniivguc to -->  New-Node_ckvyyadnaf,Move Operation --> modify to New Component --> New-Component_mcpcsphhnc deployed to a New Node -->New-Node_muexddxbbz,Move Operation --> rebook to New Component --> New-Component_afpfpmleem deployed to a New Node -->New-Node_orceavhwbh,Move Operation --> generate to New Component --> New-Component_hxccdkvmfw deployed to a New Node -->New-Node_vbeyskffvu 
7111;-0.08022412467757196;4.83;-0.7856969869064596;Move Operation --> generate to New Component --> New-Component_lbauejkijh deployed to a New Node -->New-Node_nywyuxmdmw,Move Operation --> modify to New Component --> New-Component_pgpozlxchm deployed to a New Node -->New-Node_npsisptogm,Cloning --> New-Node_qbbxaetqsc with -->  New-Node_qbbxaetqsc_jdnmxssbvj,Cloning --> container-station with -->  container-station_hfyaxihurh 
7114;-0.11615524906548104;5.4;-0.6550170868614167;Moving --> New-Component_netniivguc to -->  New-Node_ckvyyadnaf,Move Operation --> modify to New Component --> New-Component_mcpcsphhnc deployed to a New Node -->New-Node_muexddxbbz,Move Operation --> rebook to New Component --> New-Component_afpfpmleem deployed to a New Node -->New-Node_orceavhwbh,Move Operation --> generate to New Component --> New-Component_hxccdkvmfw deployed to a New Node -->New-Node_vbeyskffvu 
7127;-0.11615524906548104;5.4;-0.6550170868614167;Moving --> New-Component_netniivguc to -->  New-Node_ckvyyadnaf,Move Operation --> modify to New Component --> New-Component_mcpcsphhnc deployed to a New Node -->New-Node_muexddxbbz,Move Operation --> rebook to New Component --> New-Component_afpfpmleem deployed to a New Node -->New-Node_orceavhwbh,Move Operation --> generate to New Component --> New-Component_hxccdkvmfw deployed to a New Node -->New-Node_vbeyskffvu 
7130;-0.11615524906548104;5.4;-0.6550170868614167;Moving --> New-Component_netniivguc to -->  New-Node_ckvyyadnaf,Move Operation --> modify to New Component --> New-Component_mcpcsphhnc deployed to a New Node -->New-Node_muexddxbbz,Move Operation --> rebook to New Component --> New-Component_afpfpmleem deployed to a New Node -->New-Node_orceavhwbh,Move Operation --> generate to New Component --> New-Component_hxccdkvmfw deployed to a New Node -->New-Node_vbeyskffvu 
7139;-0.08022412467757196;4.83;-0.7856969869064596;Move Operation --> generate to New Component --> New-Component_lbauejkijh deployed to a New Node -->New-Node_nywyuxmdmw,Move Operation --> modify to New Component --> New-Component_pgpozlxchm deployed to a New Node -->New-Node_npsisptogm,Cloning --> New-Node_qbbxaetqsc with -->  New-Node_qbbxaetqsc_jdnmxssbvj,Cloning --> container-station with -->  container-station_hfyaxihurh 
7140;-0.11615524906548104;5.4;-0.6550170868614167;Moving --> New-Component_netniivguc to -->  New-Node_ckvyyadnaf,Move Operation --> modify to New Component --> New-Component_mcpcsphhnc deployed to a New Node -->New-Node_muexddxbbz,Move Operation --> rebook to New Component --> New-Component_afpfpmleem deployed to a New Node -->New-Node_orceavhwbh,Move Operation --> generate to New Component --> New-Component_hxccdkvmfw deployed to a New Node -->New-Node_vbeyskffvu 
7141;-0.11615524906548104;5.4;-0.6550170868614167;Moving --> New-Component_netniivguc to -->  New-Node_ckvyyadnaf,Move Operation --> modify to New Component --> New-Component_mcpcsphhnc deployed to a New Node -->New-Node_muexddxbbz,Move Operation --> rebook to New Component --> New-Component_afpfpmleem deployed to a New Node -->New-Node_orceavhwbh,Move Operation --> generate to New Component --> New-Component_hxccdkvmfw deployed to a New Node -->New-Node_vbeyskffvu 
7144;-0.08022412467757196;4.83;-0.7856969869064596;Move Operation --> generate to New Component --> New-Component_lbauejkijh deployed to a New Node -->New-Node_nywyuxmdmw,Move Operation --> modify to New Component --> New-Component_pgpozlxchm deployed to a New Node -->New-Node_npsisptogm,Cloning --> New-Node_qbbxaetqsc with -->  New-Node_qbbxaetqsc_jdnmxssbvj,Cloning --> container-station with -->  container-station_hfyaxihurh 
7145;-0.11615524906548104;5.4;-0.6550170868614167;Moving --> New-Component_netniivguc to -->  New-Node_ckvyyadnaf,Move Operation --> modify to New Component --> New-Component_mcpcsphhnc deployed to a New Node -->New-Node_muexddxbbz,Move Operation --> rebook to New Component --> New-Component_afpfpmleem deployed to a New Node -->New-Node_orceavhwbh,Move Operation --> generate to New Component --> New-Component_hxccdkvmfw deployed to a New Node -->New-Node_vbeyskffvu 
