84491;-0.0;2.46;-0.6579247506077714;Cloning --> container-rebook_enibrazqfl with -->  container-rebook_enibrazqfl_hswpgjcdpk,Move Operation --> generate to Component -->  New-Component_ergdphzood,Cloning --> container-station with -->  container-station_rgwezmkkiz,Cloning --> New-Node_jlgclzfzdp with -->  New-Node_jlgclzfzdp_jaykkslmlx 
84545;-0.0;2.46;-0.6579247506077714;Cloning --> container-rebook_enibrazqfl with -->  container-rebook_enibrazqfl_hswpgjcdpk,Move Operation --> generate to Component -->  New-Component_ergdphzood,Cloning --> container-station with -->  container-station_rgwezmkkiz,Cloning --> New-Node_jlgclzfzdp with -->  New-Node_jlgclzfzdp_jaykkslmlx 
84556;-0.0;2.46;-0.6579247506077714;Cloning --> container-rebook_enibrazqfl with -->  container-rebook_enibrazqfl_hswpgjcdpk,Move Operation --> generate to Component -->  New-Component_ergdphzood,Cloning --> container-station with -->  container-station_rgwezmkkiz,Cloning --> New-Node_jlgclzfzdp with -->  New-Node_jlgclzfzdp_jaykkslmlx 
84570;-0.0;2.46;-0.6579247506077714;Cloning --> container-rebook_enibrazqfl with -->  container-rebook_enibrazqfl_hswpgjcdpk,Move Operation --> generate to Component -->  New-Component_ergdphzood,Cloning --> container-station with -->  container-station_rgwezmkkiz,Cloning --> New-Node_jlgclzfzdp with -->  New-Node_jlgclzfzdp_jaykkslmlx 
84584;-0.0;2.46;-0.6579247506077714;Cloning --> container-rebook_enibrazqfl with -->  container-rebook_enibrazqfl_hswpgjcdpk,Move Operation --> generate to Component -->  New-Component_ergdphzood,Cloning --> container-station with -->  container-station_rgwezmkkiz,Cloning --> New-Node_jlgclzfzdp with -->  New-Node_jlgclzfzdp_jaykkslmlx 
84586;-0.0;2.46;-0.6579247506077714;Moving --> New-Component_tojvracaxw to -->  New-Node_iwhuebnffr,Move Operation --> generate to Component -->  New-Component_ergdphzood,Cloning --> container-station with -->  container-station_rgwezmkkiz,Cloning --> New-Node_jlgclzfzdp with -->  New-Node_jlgclzfzdp_jaykkslmlx 
84698;-0.06879525778996452;9.18;-0.7886953206077715;Cloning --> New-Node_hyjspwqfrw with -->  New-Node_hyjspwqfrw_yypvoymfrt,Cloning --> container-admin-user with -->  container-admin-user_xxhgqgnrwo,Cloning --> container-rebook with -->  container-rebook_vrfzpbaokt,Move Operation --> modify to New Component --> New-Component_vmpbzkgybz deployed to a New Node -->New-Node_eygzhmaaaz 
84699;-0.0;2.46;-0.6579247506077714;Cloning --> container-rebook_enibrazqfl with -->  container-rebook_enibrazqfl_hswpgjcdpk,Move Operation --> generate to Component -->  New-Component_ergdphzood,Cloning --> container-station with -->  container-station_rgwezmkkiz,Cloning --> New-Node_jlgclzfzdp with -->  New-Node_jlgclzfzdp_jaykkslmlx 
84702;-0.0;2.46;-0.6579247506077714;Cloning --> container-rebook_enibrazqfl with -->  container-rebook_enibrazqfl_hswpgjcdpk,Move Operation --> generate to Component -->  New-Component_ergdphzood,Cloning --> container-station with -->  container-station_rgwezmkkiz,Cloning --> New-Node_jlgclzfzdp with -->  New-Node_jlgclzfzdp_jaykkslmlx 
84710;-0.03590924067126496;10.98;-0.8471106006077714;Move Operation --> findAll to New Component --> New-Component_svgfbswdld deployed to a New Node -->New-Node_nmtxtpmbbo,Cloning --> container-admin-user with -->  container-admin-user_xxhgqgnrwo,Cloning --> container-rebook with -->  container-rebook_vrfzpbaokt,Move Operation --> modify to New Component --> New-Component_vmpbzkgybz deployed to a New Node -->New-Node_eygzhmaaaz 
84711;-0.0;2.46;-0.6579247506077714;Cloning --> container-rebook_enibrazqfl with -->  container-rebook_enibrazqfl_hswpgjcdpk,Move Operation --> generate to Component -->  New-Component_ergdphzood,Cloning --> container-station with -->  container-station_rgwezmkkiz,Cloning --> New-Node_jlgclzfzdp with -->  New-Node_jlgclzfzdp_jaykkslmlx 
84928;-0.0;2.46;-0.6579247506077714;Moving --> New-Component_tojvracaxw to -->  New-Node_iwhuebnffr,Move Operation --> generate to Component -->  New-Component_ergdphzood,Cloning --> container-station with -->  container-station_rgwezmkkiz,Cloning --> New-Node_jlgclzfzdp with -->  New-Node_jlgclzfzdp_jaykkslmlx 
84929;-0.06879525778996452;9.18;-0.7886953206077715;Cloning --> New-Node_hyjspwqfrw with -->  New-Node_hyjspwqfrw_yypvoymfrt,Cloning --> container-admin-user with -->  container-admin-user_xxhgqgnrwo,Cloning --> container-rebook with -->  container-rebook_vrfzpbaokt,Move Operation --> modify to New Component --> New-Component_vmpbzkgybz deployed to a New Node -->New-Node_eygzhmaaaz 
84932;-0.0;2.46;-0.6579247506077714;Cloning --> container-rebook_enibrazqfl with -->  container-rebook_enibrazqfl_hswpgjcdpk,Move Operation --> generate to Component -->  New-Component_ergdphzood,Cloning --> container-station with -->  container-station_rgwezmkkiz,Cloning --> New-Node_jlgclzfzdp with -->  New-Node_jlgclzfzdp_jaykkslmlx 
84933;-0.03590924067126496;10.98;-0.8471106006077714;Move Operation --> findAll to New Component --> New-Component_svgfbswdld deployed to a New Node -->New-Node_nmtxtpmbbo,Cloning --> container-admin-user with -->  container-admin-user_xxhgqgnrwo,Cloning --> container-rebook with -->  container-rebook_vrfzpbaokt,Move Operation --> modify to New Component --> New-Component_vmpbzkgybz deployed to a New Node -->New-Node_eygzhmaaaz 
84936;-0.03590924067126496;10.98;-0.8471106006077714;Move Operation --> findAll to New Component --> New-Component_svgfbswdld deployed to a New Node -->New-Node_nmtxtpmbbo,Cloning --> container-admin-user with -->  container-admin-user_xxhgqgnrwo,Cloning --> container-rebook with -->  container-rebook_vrfzpbaokt,Move Operation --> modify to New Component --> New-Component_vmpbzkgybz deployed to a New Node -->New-Node_eygzhmaaaz 
